[
  {
    "description": "Feature: Navigation examples using BDD and TestCafe",
    "elements": [
      {
        "id": "ScenarioScenario Outline: Navigate to Tech Academy and verify title",
        "keyword": "Scenario",
        "line": 0,
        "name": "Scenario Outline: Navigate to Tech Academy and verify title",
        "skipped": false,
        "sourceLine": "undefined",
        "status": "passed",
        "steps": [
          {
            "hidden": false,
            "keyword": ">",
            "match": {
              "location": "C:\\Users\\Oliver.Hoskins\\Documents\\arch\\generators\\testcafe\\templates\\testcafe_cucumber\\features\\example.feature:1:0"
            },
            "name": "Scenario Outline: Navigate to Tech Academy and verify title",
            "result": {
              "duration": 19091,
              "status": "passed"
            },
            "tags": [],
            "text": [
              "<a href=\"#\">Scenario Outline: Navigate to Tech Academy and verify title</a>"
            ]
          }
        ],
        "tags": [],
        "type": "scenario",
        "uri": ""
      },
      {
        "id": "ScenarioScenario Outline: Navigate to Contact and verify title",
        "keyword": "Scenario",
        "line": 0,
        "name": "Scenario Outline: Navigate to Contact and verify title",
        "skipped": false,
        "sourceLine": "undefined",
        "status": "passed",
        "steps": [
          {
            "hidden": false,
            "keyword": ">",
            "match": {
              "location": "C:\\Users\\Oliver.Hoskins\\Documents\\arch\\generators\\testcafe\\templates\\testcafe_cucumber\\features\\example.feature:1:0"
            },
            "name": "Scenario Outline: Navigate to Contact and verify title",
            "result": {
              "duration": 17487,
              "status": "passed"
            },
            "tags": [],
            "text": [
              "<a href=\"#\">Scenario Outline: Navigate to Contact and verify title</a>"
            ]
          }
        ],
        "tags": [],
        "type": "scenario",
        "uri": ""
      },
      {
        "id": "ScenarioScenario Outline: Navigate to Contact and verify title",
        "keyword": "Scenario",
        "line": 0,
        "name": "Scenario Outline: Navigate to Contact and verify title",
        "skipped": false,
        "sourceLine": "undefined",
        "status": "failed",
        "steps": [
          {
            "hidden": false,
            "keyword": ">",
            "match": {
              "location": "C:\\Users\\Oliver.Hoskins\\Documents\\arch\\generators\\testcafe\\templates\\testcafe_cucumber\\features\\example.feature:1:0"
            },
            "name": "Scenario Outline: Navigate to Contact and verify title",
            "result": {
              "duration": 17575,
              "error_message": "1) AssertionError: expected 'Contact - Ten10' to include 'The Application Process - Apply Today'\n\n   Browser: Chrome 106.0.0.0 / Windows 10\n\n      1 | const { Given, When, Then, Before } = require('@cucumber/cucumber');\n      2 | const basePage = require('../support/pages/basepage');\n      3 | \n      4 | Then(/^The title matches '(.+)'$/, async (t,title) => {\n      5 |     const actualTitle = basePage.elements.title().innerText;\n   --------------------------------------------\n    &rarr; 6 |     await t.expect(actualTitle).contains(title[0], {timeout: 5000});\n   --------------------------------------------\n      7 | })\n\n      at <anonymous> (C:\\Users\\Oliver.Hoskins\\Documents\\arch\\generators\\testcafe\\templates\\testcafe_cucumber\\features\\steps\\genericSteps.js:6:33)\n      at asyncGeneratorStep (C:\\Users\\Oliver.Hoskins\\Documents\\arch\\generators\\testcafe\\templates\\testcafe_cucumber\\features\\steps\\genericSteps.js:1:114)\n      at _next (C:\\Users\\Oliver.Hoskins\\Documents\\arch\\generators\\testcafe\\templates\\testcafe_cucumber\\features\\steps\\genericSteps.js:1:452)\n      at <anonymous> (C:\\Users\\Oliver.Hoskins\\Documents\\arch\\generators\\testcafe\\templates\\testcafe_cucumber\\features\\steps\\genericSteps.js:1:617)\n      at <anonymous> (C:\\Users\\Oliver.Hoskins\\Documents\\arch\\generators\\testcafe\\templates\\testcafe_cucumber\\features\\steps\\genericSteps.js:1:358)\n      at <anonymous> (C:\\Users\\Oliver.Hoskins\\Documents\\arch\\generators\\testcafe\\templates\\testcafe_cucumber\\features\\steps\\genericSteps.js:4:5)",
              "status": "failed"
            },
            "tags": [],
            "text": [
              "<a href=\"#\">Scenario Outline: Navigate to Contact and verify title</a>"
            ]
          }
        ],
        "tags": [],
        "type": "scenario",
        "uri": ""
      }
    ],
    "id": "Feature: Navigation examples using BDD and TestCafe",
    "keyword": "Feature",
    "line": 0,
    "metadata": {
      "browser": {
        "name": "chrome",
        "version": "106.0.0.0"
      },
      "device": "Windows",
      "platform": {
        "name": "windows",
        "version": "10"
      },
      "reportTime": "2022-10-05T14:20:10.924Z",
      "startTime": "2022-10-05T14:19:16.467Z"
    },
    "name": "Navigation examples using BDD and TestCafe",
    "runInfo": {
      "endTime": "2022-10-05T14:20:10.923Z",
      "passed": 2,
      "startTime": "2022-10-05T14:19:16.467Z",
      "testCount": 3,
      "userAgents": [
        "Chrome 106.0.0.0 / Windows 10"
      ],
      "warnings": []
    },
    "skipped": false,
    "tags": [
      {
        "line": 0,
        "name": "@outline"
      },
      {
        "line": 0,
        "name": "@navigate"
      },
      {
        "line": 0,
        "name": "@contact"
      },
      {
        "line": 0,
        "name": "@verify"
      },
      {
        "line": 0,
        "name": "@title"
      },
      {
        "line": 0,
        "name": "@tech"
      },
      {
        "line": 0,
        "name": "@academy"
      },
      {
        "line": 0,
        "name": "@navigation"
      },
      {
        "line": 0,
        "name": "@examples"
      },
      {
        "line": 0,
        "name": "@using"
      },
      {
        "line": 0,
        "name": "@bdd"
      },
      {
        "line": 0,
        "name": "@testcafe"
      }
    ],
    "uri": "C:\\Users\\Oliver.Hoskins\\Documents\\arch\\generators\\testcafe\\templates\\testcafe_cucumber\\features\\example.feature:1"
  }
]